letter,letter_frequency,probability,weight,prior
t,9.06,100,906,0.393784635
s,6.33,75,474.75,0.206345757
d,4.25,50,212.5,0.092361187
m,2.41,25,60.25,0.026187113
v,0.98,10,9.8,0.004259481
a,8.17,10,81.7,0.03551016
h,6.09,25,152.25,0.066174074
l,4.03,50,201.5,0.087580137
w,2.36,75,177,0.076931435
j,0.25,100,25,0.010866022